{"widgetBindings": [


   {
       "propertyName": "checked",
       "serverBindName": "value:pm.active.gGUIObj.calibrateEnable",
       "widgetId": "Calibrate_enable",
       "options": {"dataType": "Boolean"}
   },
   {
        "propertyName": "value",
        "serverBindName": "value:pm.active.gGUIObj.CommAngleOffset",
        "widgetId": "Commutation_Angle_Offset",
        "options": {"dataType": "Long"}
    },
    {
        "propertyName": "selection",
        "serverBindName": "value:pm.active.gGUIObj.FaultEncoder",
        "widgetId": "Encoder_status_image",
        "options": {"dataType": "Long"}
    },
    {
        "propertyName": "selection",
        "serverBindName": "value:pm.active.gGUIObj.FaultMotor",
        "widgetId": "reset_fault_status_image",
        "options": {"dataType": "Long"}
    },

    {
        "propertyName": "value",
        "serverBindName": "value:pm.active.gGUIObj.RstFault",
        "widgetId": "reset_fault_status_button",
        "options": {"dataType": "String"}
    },

    {
        "propertyName": "value",
        "serverBindName": "value:pm.active.gGUIObj.VBus",
        "widgetId": "dc_bus_meter",
        "options": {"dataType": "Double"}
    },
    {
        "propertyName": "value",
        "serverBindName": "value:pm.active.gGUIObj.VBus",
        "widgetId": "dc_bus_voltage_number",
        "options": {"dataType": "Double"}
    },
    {
        "propertyName": "selection",
        "serverBindName": "value:pm.active.gGUIObj.OVFlg",
        "widgetId": "dc_bus_status_image",
        "options": {"dataType": "Long"}
    },
    {
        "propertyName": "selection",
        "serverBindName": "value:pm.active.gGUIObj.OTFlg",
        "widgetId": "over_temp_status_image",
        "options": {"dataType": "Long"}
    }





]}


