{"widgetBindings": [
    {
        "propertyName": "checked",
        "serverBindName": "value:pm.active.gGUIObj.EnableFlg",
        "widgetId": "enable_motor_checkbox",
        "options": {"dataType": "Boolean"}
    },
    {
        "propertyName": "checked",
        "serverBindName": "value:pm.active.gGUIObj.TPSFlag",
        "widgetId": "enable_TPS_checkbox",
        "options": {"dataType": "Boolean"}
    },



    {
        "propertyName": "value",
        "serverBindName": "value:pm.active.gGUIObj.SpdCmd",
        "widgetId": "SpeedReference_dial",
        "options": {"dataType": "Double"}
    },
    {
        "propertyName": "value",
        "serverBindName": "value:pm.active.gGUIObj.SpdCmd",
        "widgetId": "Spinner_for_SpeedReference_dial",
        "options": {"dataType": "Double"}
    },
    {
        "propertyName": "value",
        "serverBindName": "value:pm.active.gGUIObj.IqCmd",
        "widgetId": "SpeedReference_dial",
        "options": {"dataType": "Double"}
    },
    {
        "propertyName": "value",
        "serverBindName": "value:pm.active.gGUIObj.IqCmd",
        "widgetId": "Spinner_for_SpeedReference_dial",
        "options": {"dataType": "Double"}
    },
    {
        "propertyName": "value",
        "serverBindName": "value:pm.active.gGUIObj.GraphInput",
        "widgetId": "Logging_Mode_Combobox",
        "options": {"dataType": "Long"}
    },







   {
        "propertyName": "value",
        "serverBindName": "value:pm.active.gGUIObj.CommAngleOffset",
        "widgetId": "Commutation_Angle_Offset",
        "options": {"dataType": "Long"}
    },






    {
        "propertyName": "value",
        "serverBindName": "value:pm.active.gGUIObj.IMotor",
        "widgetId": "motor_current_meter",
        "options": {"dataType": "Double"}
    },










    {
        "propertyName": "value",
        "serverBindName": "value:pm.active.gGUIObj.SpeedRPM",
        "widgetId": "motorSpeed_RPM",
        "options": {"dataType": "Long"}
    },
    {
        "propertyName": "checked",
        "serverBindName": "value:pm.active.gGUIObj.calibrateEnable",
        "widgetId": "Calibrate_enable",
        "options": {"dataType": "Boolean"}
    },
    {
        "propertyName": "value",
        "serverBindName": "value:pm.active.gGUIObj.CtrlType",
        "widgetId": "control_mode_combobox",
        "options": {"dataType": "Long"}
    },
    {
        "propertyName": "selection",
        "serverBindName": "value:pm.active.gGUIObj.FaultMotor",
        "widgetId": "reset_fault_status_image",
        "options": {"dataType": "Long"}
    },
    {
        "propertyName": "selection",
        "serverBindName": "value:pm.active.gGUIObj.OVFlg",
        "widgetId": "dc_bus_status_image",
        "options": {"dataType": "Long"}
    },
    {
        "propertyName": "selection",
        "serverBindName": "value:pm.active.gGUIObj.OTFlg",
        "widgetId": "over_temp_status_image",
        "options": {"dataType": "Long"}
    },
    {
        "propertyName": "selection",
        "serverBindName": "value:pm.active.gGUIObj.FaultEncoder",
        "widgetId": "Encoder_status_image",
        "options": {"dataType": "Long"}
    },
    {
        "propertyName": "value",
        "serverBindName": "value:pm.active.gGUIObj.LogScalar",
        "widgetId": "spinner_for_guiRef",
        "options": {"dataType": "Long"}
    },

    {
        "propertyName": "value",
        "serverBindName": "value:pm.active.gGUIObj.RstFault",
        "widgetId": "reset_fault_status_button",
        "options": {"dataType": "String"}
    },
    {
        "propertyName": "value",
        "serverBindName": "value:pm.active.gGUIObj.VBus",
        "widgetId": "dc_bus_meter",
        "options": {"dataType": "Double"}
    },
    {
        "propertyName": "value",
        "serverBindName": "value:pm.active.gGUIObj.VBus",
        "widgetId": "dc_bus_voltage_number",
        "options": {"dataType": "Double"}
    }
]}
